"year";"week";"KW";"City.of.Bern";"Canton";"Cases.rollsum";"Number_weeks";"weeks.range";"Cases.range"
1918;"1918_w25";25;0;3;3;4;"22_25_1918";0
1918;"1918_w26";26;0;0;3;4;"23_26_1918";0
1918;"1918_w27";27;7;16;19;4;"24_27_1918";0
1918;"1918_w28";28;60;298;317;4;"25_28_1918";0
1918;"1918_w29";29;240;1439;1753;4;"26_29_1918";0.02
1918;"1918_w30";30;2713;7845;9598;4;"27_30_1918";0.12
1918;"1918_w31";31;1801;7046;16628;4;"28_31_1918";0.2
1918;"1918_w32";32;641;3581;19911;4;"29_32_1918";0.24
1918;"1918_w33";33;236;1509;19981;4;"30_33_1918";0.24
1918;"1918_w34";34;115;903;13039;4;"31_34_1918";0.16
1918;"1918_w35";35;100;773;6766;4;"32_35_1918";0.08
1918;"1918_w36";36;31;406;3591;4;"33_36_1918";0.04
1918;"1918_w37";37;89;380;2462;4;"34_37_1918";0.03
1918;"1918_w38";38;0;222;1781;4;"35_38_1918";0.02
1918;"1918_w39";39;222;775;1783;4;"36_39_1918";0.02
1918;"1918_w40";40;304;1624;3001;4;"37_40_1918";0.04
1918;"1918_w41";41;622;2893;5514;4;"38_41_1918";0.07
1918;"1918_w42";42;751;3192;8484;4;"39_42_1918";0.1
1918;"1918_w43";43;1600;6437;14146;4;"40_43_1918";0.17
1918;"1918_w44";44;2118;9081;21603;4;"41_44_1918";0.26
1918;"1918_w45";45;1316;8596;27306;4;"42_45_1918";0.33
1918;"1918_w46";46;1634;7294;31408;4;"43_46_1918";0.38
1918;"1918_w47";47;633;5395;30366;4;"44_47_1918";0.37
1918;"1918_w48";48;1770;8133;29418;4;"45_48_1918";0.36
1918;"1918_w49";49;1564;7631;28453;4;"46_49_1918";0.35
1918;"1918_w50";50;677;8438;29597;4;"47_50_1918";0.36
1918;"1918_w51";51;420;3886;28088;4;"48_51_1918";0.34
1918;"1918_w52";52;181;4102;24057;4;"49_52_1918";0.29
1919;"1919_w1";1;94;1723;18149;4;"50_1_1919";0.22
1919;"1919_w2";2;150;2107;11818;4;"51_2_1919";0.14
1919;"1919_w3";3;172;1428;9360;4;"52_3_1919";0.11
1919;"1919_w4";4;113;1520;6778;4;"1_4_1919";0.08
1919;"1919_w5";5;409;1199;6254;4;"2_5_1919";0.08
1919;"1919_w6";6;524;2030;6177;4;"3_6_1919";0.08
1919;"1919_w7";7;393;921;5670;4;"4_7_1919";0.07
1919;"1919_w8";8;437;2050;6200;4;"5_8_1919";0.08
1919;"1919_w9";9;468;1117;6118;4;"6_9_1919";0.07
1919;"1919_w10";10;353;937;5025;4;"7_10_1919";0.06
1919;"1919_w11";11;266;1233;5337;4;"8_11_1919";0.07
1919;"1919_w12";12;167;534;3821;4;"9_12_1919";0.05
1919;"1919_w13";13;92;656;3360;4;"10_13_1919";0.04
1919;"1919_w14";14;77;374;2797;4;"11_14_1919";0.03
1919;"1919_w15";15;49;613;2177;4;"12_15_1919";0.03
1919;"1919_w16";16;0;121;1764;4;"13_16_1919";0.02
1919;"1919_w17";17;57;328;1436;4;"14_17_1919";0.02
1919;"1919_w18";18;35;69;1131;4;"15_18_1919";0.01
1919;"1919_w19";19;0;53;571;4;"16_19_1919";0.01
1919;"1919_w20";20;2;95;545;4;"17_20_1919";0.01
1919;"1919_w21";21;0;35;252;4;"18_21_1919";0
1919;"1919_w22";22;11;64;247;4;"19_22_1919";0
1919;"1919_w23";23;3;22;216;4;"20_23_1919";0
1919;"1919_w24";24;1;8;129;4;"21_24_1919";0
1919;"1919_w25";25;1;17;111;4;"22_25_1919";0
1919;"1919_w26";26;0;0;47;4;"23_26_1919";0
1919;"1919_w27";27;0;0;25;4;"24_27_1919";0
1919;"1919_w28";28;0;0;17;4;"25_28_1919";0
1919;"1919_w29";29;0;0;0;4;"26_29_1919";0
1919;"1919_w30";30;0;0;0;4;"27_30_1919";0
1919;"1919_w31";31;0;0;0;4;"28_31_1919";0
1919;"1919_w32";32;0;0;0;4;"29_32_1919";0
1919;"1919_w33";33;0;0;0;4;"30_33_1919";0
1919;"1919_w34";34;0;0;0;4;"31_34_1919";0
1919;"1919_w35";35;0;0;0;4;"32_35_1919";0
1919;"1919_w36";36;0;0;0;4;"33_36_1919";0
1919;"1919_w37";37;0;0;0;4;"34_37_1919";0
1919;"1919_w38";38;0;0;0;4;"35_38_1919";0
1919;"1919_w39";39;0;0;0;4;"36_39_1919";0
1919;"1919_w40";40;0;0;0;4;"37_40_1919";0
1919;"1919_w41";41;0;0;0;4;"38_41_1919";0
1918;"1918_w25";25;0;3;3;5;"21_25_1918";0
1918;"1918_w26";26;0;0;3;5;"22_26_1918";0
1918;"1918_w27";27;7;16;19;5;"23_27_1918";0
1918;"1918_w28";28;60;298;317;5;"24_28_1918";0
1918;"1918_w29";29;240;1439;1756;5;"25_29_1918";0.02
1918;"1918_w30";30;2713;7845;9598;5;"26_30_1918";0.12
1918;"1918_w31";31;1801;7046;16644;5;"27_31_1918";0.2
1918;"1918_w32";32;641;3581;20209;5;"28_32_1918";0.25
1918;"1918_w33";33;236;1509;21420;5;"29_33_1918";0.26
1918;"1918_w34";34;115;903;20884;5;"30_34_1918";0.25
1918;"1918_w35";35;100;773;13812;5;"31_35_1918";0.17
1918;"1918_w36";36;31;406;7172;5;"32_36_1918";0.09
1918;"1918_w37";37;89;380;3971;5;"33_37_1918";0.05
1918;"1918_w38";38;0;222;2684;5;"34_38_1918";0.03
1918;"1918_w39";39;222;775;2556;5;"35_39_1918";0.03
1918;"1918_w40";40;304;1624;3407;5;"36_40_1918";0.04
1918;"1918_w41";41;622;2893;5894;5;"37_41_1918";0.07
1918;"1918_w42";42;751;3192;8706;5;"38_42_1918";0.11
1918;"1918_w43";43;1600;6437;14921;5;"39_43_1918";0.18
1918;"1918_w44";44;2118;9081;23227;5;"40_44_1918";0.28
1918;"1918_w45";45;1316;8596;30199;5;"41_45_1918";0.37
1918;"1918_w46";46;1634;7294;34600;5;"42_46_1918";0.42
1918;"1918_w47";47;633;5395;36803;5;"43_47_1918";0.45
1918;"1918_w48";48;1770;8133;38499;5;"44_48_1918";0.47
1918;"1918_w49";49;1564;7631;37049;5;"45_49_1918";0.45
1918;"1918_w50";50;677;8438;36891;5;"46_50_1918";0.45
1918;"1918_w51";51;420;3886;33483;5;"47_51_1918";0.41
1918;"1918_w52";52;181;4102;32190;5;"48_52_1918";0.39
1919;"1919_w1";1;94;1723;25780;5;"49_1_1919";0.31
1919;"1919_w2";2;150;2107;20256;5;"50_2_1919";0.25
1919;"1919_w3";3;172;1428;13246;5;"51_3_1919";0.16
1919;"1919_w4";4;113;1520;10880;5;"52_4_1919";0.13
1919;"1919_w5";5;409;1199;7977;5;"1_5_1919";0.1
1919;"1919_w6";6;524;2030;8284;5;"2_6_1919";0.1
1919;"1919_w7";7;393;921;7098;5;"3_7_1919";0.09
1919;"1919_w8";8;437;2050;7720;5;"4_8_1919";0.09
1919;"1919_w9";9;468;1117;7317;5;"5_9_1919";0.09
1919;"1919_w10";10;353;937;7055;5;"6_10_1919";0.09
1919;"1919_w11";11;266;1233;6258;5;"7_11_1919";0.08
1919;"1919_w12";12;167;534;5871;5;"8_12_1919";0.07
1919;"1919_w13";13;92;656;4477;5;"9_13_1919";0.05
1919;"1919_w14";14;77;374;3734;5;"10_14_1919";0.05
1919;"1919_w15";15;49;613;3410;5;"11_15_1919";0.04
1919;"1919_w16";16;0;121;2298;5;"12_16_1919";0.03
1919;"1919_w17";17;57;328;2092;5;"13_17_1919";0.03
1919;"1919_w18";18;35;69;1505;5;"14_18_1919";0.02
1919;"1919_w19";19;0;53;1184;5;"15_19_1919";0.01
1919;"1919_w20";20;2;95;666;5;"16_20_1919";0.01
1919;"1919_w21";21;0;35;580;5;"17_21_1919";0.01
1919;"1919_w22";22;11;64;316;5;"18_22_1919";0
1919;"1919_w23";23;3;22;269;5;"19_23_1919";0
1919;"1919_w24";24;1;8;224;5;"20_24_1919";0
1919;"1919_w25";25;1;17;146;5;"21_25_1919";0
1919;"1919_w26";26;0;0;111;5;"22_26_1919";0
1919;"1919_w27";27;0;0;47;5;"23_27_1919";0
1919;"1919_w28";28;0;0;25;5;"24_28_1919";0
1919;"1919_w29";29;0;0;17;5;"25_29_1919";0
1919;"1919_w30";30;0;0;0;5;"26_30_1919";0
1919;"1919_w31";31;0;0;0;5;"27_31_1919";0
1919;"1919_w32";32;0;0;0;5;"28_32_1919";0
1919;"1919_w33";33;0;0;0;5;"29_33_1919";0
1919;"1919_w34";34;0;0;0;5;"30_34_1919";0
1919;"1919_w35";35;0;0;0;5;"31_35_1919";0
1919;"1919_w36";36;0;0;0;5;"32_36_1919";0
1919;"1919_w37";37;0;0;0;5;"33_37_1919";0
1919;"1919_w38";38;0;0;0;5;"34_38_1919";0
1919;"1919_w39";39;0;0;0;5;"35_39_1919";0
1919;"1919_w40";40;0;0;0;5;"36_40_1919";0
1919;"1919_w41";41;0;0;0;5;"37_41_1919";0
1918;"1918_w25";25;0;3;3;6;"20_25_1918";0
1918;"1918_w26";26;0;0;3;6;"21_26_1918";0
1918;"1918_w27";27;7;16;19;6;"22_27_1918";0
1918;"1918_w28";28;60;298;317;6;"23_28_1918";0
1918;"1918_w29";29;240;1439;1756;6;"24_29_1918";0.02
1918;"1918_w30";30;2713;7845;9601;6;"25_30_1918";0.12
1918;"1918_w31";31;1801;7046;16644;6;"26_31_1918";0.2
1918;"1918_w32";32;641;3581;20225;6;"27_32_1918";0.25
1918;"1918_w33";33;236;1509;21718;6;"28_33_1918";0.26
1918;"1918_w34";34;115;903;22323;6;"29_34_1918";0.27
1918;"1918_w35";35;100;773;21657;6;"30_35_1918";0.26
1918;"1918_w36";36;31;406;14218;6;"31_36_1918";0.17
1918;"1918_w37";37;89;380;7552;6;"32_37_1918";0.09
1918;"1918_w38";38;0;222;4193;6;"33_38_1918";0.05
1918;"1918_w39";39;222;775;3459;6;"34_39_1918";0.04
1918;"1918_w40";40;304;1624;4180;6;"35_40_1918";0.05
1918;"1918_w41";41;622;2893;6300;6;"36_41_1918";0.08
1918;"1918_w42";42;751;3192;9086;6;"37_42_1918";0.11
1918;"1918_w43";43;1600;6437;15143;6;"38_43_1918";0.18
1918;"1918_w44";44;2118;9081;24002;6;"39_44_1918";0.29
1918;"1918_w45";45;1316;8596;31823;6;"40_45_1918";0.39
1918;"1918_w46";46;1634;7294;37493;6;"41_46_1918";0.46
1918;"1918_w47";47;633;5395;39995;6;"42_47_1918";0.49
1918;"1918_w48";48;1770;8133;44936;6;"43_48_1918";0.55
1918;"1918_w49";49;1564;7631;46130;6;"44_49_1918";0.56
1918;"1918_w50";50;677;8438;45487;6;"45_50_1918";0.55
1918;"1918_w51";51;420;3886;40777;6;"46_51_1918";0.5
1918;"1918_w52";52;181;4102;37585;6;"47_52_1918";0.46
1919;"1919_w1";1;94;1723;33913;6;"48_1_1919";0.41
1919;"1919_w2";2;150;2107;27887;6;"49_2_1919";0.34
1919;"1919_w3";3;172;1428;21684;6;"50_3_1919";0.26
1919;"1919_w4";4;113;1520;14766;6;"51_4_1919";0.18
1919;"1919_w5";5;409;1199;12079;6;"52_5_1919";0.15
1919;"1919_w6";6;524;2030;10007;6;"1_6_1919";0.12
1919;"1919_w7";7;393;921;9205;6;"2_7_1919";0.11
1919;"1919_w8";8;437;2050;9148;6;"3_8_1919";0.11
1919;"1919_w9";9;468;1117;8837;6;"4_9_1919";0.11
1919;"1919_w10";10;353;937;8254;6;"5_10_1919";0.1
1919;"1919_w11";11;266;1233;8288;6;"6_11_1919";0.1
1919;"1919_w12";12;167;534;6792;6;"7_12_1919";0.08
1919;"1919_w13";13;92;656;6527;6;"8_13_1919";0.08
1919;"1919_w14";14;77;374;4851;6;"9_14_1919";0.06
1919;"1919_w15";15;49;613;4347;6;"10_15_1919";0.05
1919;"1919_w16";16;0;121;3531;6;"11_16_1919";0.04
1919;"1919_w17";17;57;328;2626;6;"12_17_1919";0.03
1919;"1919_w18";18;35;69;2161;6;"13_18_1919";0.03
1919;"1919_w19";19;0;53;1558;6;"14_19_1919";0.02
1919;"1919_w20";20;2;95;1279;6;"15_20_1919";0.02
1919;"1919_w21";21;0;35;701;6;"16_21_1919";0.01
1919;"1919_w22";22;11;64;644;6;"17_22_1919";0.01
1919;"1919_w23";23;3;22;338;6;"18_23_1919";0
1919;"1919_w24";24;1;8;277;6;"19_24_1919";0
1919;"1919_w25";25;1;17;241;6;"20_25_1919";0
1919;"1919_w26";26;0;0;146;6;"21_26_1919";0
1919;"1919_w27";27;0;0;111;6;"22_27_1919";0
1919;"1919_w28";28;0;0;47;6;"23_28_1919";0
1919;"1919_w29";29;0;0;25;6;"24_29_1919";0
1919;"1919_w30";30;0;0;17;6;"25_30_1919";0
1919;"1919_w31";31;0;0;0;6;"26_31_1919";0
1919;"1919_w32";32;0;0;0;6;"27_32_1919";0
1919;"1919_w33";33;0;0;0;6;"28_33_1919";0
1919;"1919_w34";34;0;0;0;6;"29_34_1919";0
1919;"1919_w35";35;0;0;0;6;"30_35_1919";0
1919;"1919_w36";36;0;0;0;6;"31_36_1919";0
1919;"1919_w37";37;0;0;0;6;"32_37_1919";0
1919;"1919_w38";38;0;0;0;6;"33_38_1919";0
1919;"1919_w39";39;0;0;0;6;"34_39_1919";0
1919;"1919_w40";40;0;0;0;6;"35_40_1919";0
1919;"1919_w41";41;0;0;0;6;"36_41_1919";0
1918;"1918_w25";25;0;3;3;7;"19_25_1918";0
1918;"1918_w26";26;0;0;3;7;"20_26_1918";0
1918;"1918_w27";27;7;16;19;7;"21_27_1918";0
1918;"1918_w28";28;60;298;317;7;"22_28_1918";0
1918;"1918_w29";29;240;1439;1756;7;"23_29_1918";0.02
1918;"1918_w30";30;2713;7845;9601;7;"24_30_1918";0.12
1918;"1918_w31";31;1801;7046;16647;7;"25_31_1918";0.2
1918;"1918_w32";32;641;3581;20225;7;"26_32_1918";0.25
1918;"1918_w33";33;236;1509;21734;7;"27_33_1918";0.27
1918;"1918_w34";34;115;903;22621;7;"28_34_1918";0.28
1918;"1918_w35";35;100;773;23096;7;"29_35_1918";0.28
1918;"1918_w36";36;31;406;22063;7;"30_36_1918";0.27
1918;"1918_w37";37;89;380;14598;7;"31_37_1918";0.18
1918;"1918_w38";38;0;222;7774;7;"32_38_1918";0.09
1918;"1918_w39";39;222;775;4968;7;"33_39_1918";0.06
1918;"1918_w40";40;304;1624;5083;7;"34_40_1918";0.06
1918;"1918_w41";41;622;2893;7073;7;"35_41_1918";0.09
1918;"1918_w42";42;751;3192;9492;7;"36_42_1918";0.12
1918;"1918_w43";43;1600;6437;15523;7;"37_43_1918";0.19
1918;"1918_w44";44;2118;9081;24224;7;"38_44_1918";0.3
1918;"1918_w45";45;1316;8596;32598;7;"39_45_1918";0.4
1918;"1918_w46";46;1634;7294;39117;7;"40_46_1918";0.48
1918;"1918_w47";47;633;5395;42888;7;"41_47_1918";0.52
1918;"1918_w48";48;1770;8133;48128;7;"42_48_1918";0.59
1918;"1918_w49";49;1564;7631;52567;7;"43_49_1918";0.64
1918;"1918_w50";50;677;8438;54568;7;"44_50_1918";0.67
1918;"1918_w51";51;420;3886;49373;7;"45_51_1918";0.6
1918;"1918_w52";52;181;4102;44879;7;"46_52_1918";0.55
1919;"1919_w1";1;94;1723;39308;7;"47_1_1919";0.48
1919;"1919_w2";2;150;2107;36020;7;"48_2_1919";0.44
1919;"1919_w3";3;172;1428;29315;7;"49_3_1919";0.36
1919;"1919_w4";4;113;1520;23204;7;"50_4_1919";0.28
1919;"1919_w5";5;409;1199;15965;7;"51_5_1919";0.19
1919;"1919_w6";6;524;2030;14109;7;"52_6_1919";0.17
1919;"1919_w7";7;393;921;10928;7;"1_7_1919";0.13
1919;"1919_w8";8;437;2050;11255;7;"2_8_1919";0.14
1919;"1919_w9";9;468;1117;10265;7;"3_9_1919";0.13
1919;"1919_w10";10;353;937;9774;7;"4_10_1919";0.12
1919;"1919_w11";11;266;1233;9487;7;"5_11_1919";0.12
1919;"1919_w12";12;167;534;8822;7;"6_12_1919";0.11
1919;"1919_w13";13;92;656;7448;7;"7_13_1919";0.09
1919;"1919_w14";14;77;374;6901;7;"8_14_1919";0.08
1919;"1919_w15";15;49;613;5464;7;"9_15_1919";0.07
1919;"1919_w16";16;0;121;4468;7;"10_16_1919";0.05
1919;"1919_w17";17;57;328;3859;7;"11_17_1919";0.05
1919;"1919_w18";18;35;69;2695;7;"12_18_1919";0.03
1919;"1919_w19";19;0;53;2214;7;"13_19_1919";0.03
1919;"1919_w20";20;2;95;1653;7;"14_20_1919";0.02
1919;"1919_w21";21;0;35;1314;7;"15_21_1919";0.02
1919;"1919_w22";22;11;64;765;7;"16_22_1919";0.01
1919;"1919_w23";23;3;22;666;7;"17_23_1919";0.01
1919;"1919_w24";24;1;8;346;7;"18_24_1919";0
1919;"1919_w25";25;1;17;294;7;"19_25_1919";0
1919;"1919_w26";26;0;0;241;7;"20_26_1919";0
1919;"1919_w27";27;0;0;146;7;"21_27_1919";0
1919;"1919_w28";28;0;0;111;7;"22_28_1919";0
1919;"1919_w29";29;0;0;47;7;"23_29_1919";0
1919;"1919_w30";30;0;0;25;7;"24_30_1919";0
1919;"1919_w31";31;0;0;17;7;"25_31_1919";0
1919;"1919_w32";32;0;0;0;7;"26_32_1919";0
1919;"1919_w33";33;0;0;0;7;"27_33_1919";0
1919;"1919_w34";34;0;0;0;7;"28_34_1919";0
1919;"1919_w35";35;0;0;0;7;"29_35_1919";0
1919;"1919_w36";36;0;0;0;7;"30_36_1919";0
1919;"1919_w37";37;0;0;0;7;"31_37_1919";0
1919;"1919_w38";38;0;0;0;7;"32_38_1919";0
1919;"1919_w39";39;0;0;0;7;"33_39_1919";0
1919;"1919_w40";40;0;0;0;7;"34_40_1919";0
1919;"1919_w41";41;0;0;0;7;"35_41_1919";0
1918;"1918_w25";25;0;3;3;8;"18_25_1918";0
1918;"1918_w26";26;0;0;3;8;"19_26_1918";0
1918;"1918_w27";27;7;16;19;8;"20_27_1918";0
1918;"1918_w28";28;60;298;317;8;"21_28_1918";0
1918;"1918_w29";29;240;1439;1756;8;"22_29_1918";0.02
1918;"1918_w30";30;2713;7845;9601;8;"23_30_1918";0.12
1918;"1918_w31";31;1801;7046;16647;8;"24_31_1918";0.2
1918;"1918_w32";32;641;3581;20228;8;"25_32_1918";0.25
1918;"1918_w33";33;236;1509;21734;8;"26_33_1918";0.27
1918;"1918_w34";34;115;903;22637;8;"27_34_1918";0.28
1918;"1918_w35";35;100;773;23394;8;"28_35_1918";0.29
1918;"1918_w36";36;31;406;23502;8;"29_36_1918";0.29
1918;"1918_w37";37;89;380;22443;8;"30_37_1918";0.27
1918;"1918_w38";38;0;222;14820;8;"31_38_1918";0.18
1918;"1918_w39";39;222;775;8549;8;"32_39_1918";0.1
1918;"1918_w40";40;304;1624;6592;8;"33_40_1918";0.08
1918;"1918_w41";41;622;2893;7976;8;"34_41_1918";0.1
1918;"1918_w42";42;751;3192;10265;8;"35_42_1918";0.13
1918;"1918_w43";43;1600;6437;15929;8;"36_43_1918";0.19
1918;"1918_w44";44;2118;9081;24604;8;"37_44_1918";0.3
1918;"1918_w45";45;1316;8596;32820;8;"38_45_1918";0.4
1918;"1918_w46";46;1634;7294;39892;8;"39_46_1918";0.49
1918;"1918_w47";47;633;5395;44512;8;"40_47_1918";0.54
1918;"1918_w48";48;1770;8133;51021;8;"41_48_1918";0.62
1918;"1918_w49";49;1564;7631;55759;8;"42_49_1918";0.68
1918;"1918_w50";50;677;8438;61005;8;"43_50_1918";0.74
1918;"1918_w51";51;420;3886;58454;8;"44_51_1918";0.71
1918;"1918_w52";52;181;4102;53475;8;"45_52_1918";0.65
1919;"1919_w1";1;94;1723;46602;8;"46_1_1919";0.57
1919;"1919_w2";2;150;2107;41415;8;"47_2_1919";0.51
1919;"1919_w3";3;172;1428;37448;8;"48_3_1919";0.46
1919;"1919_w4";4;113;1520;30835;8;"49_4_1919";0.38
1919;"1919_w5";5;409;1199;24403;8;"50_5_1919";0.3
1919;"1919_w6";6;524;2030;17995;8;"51_6_1919";0.22
1919;"1919_w7";7;393;921;15030;8;"52_7_1919";0.18
1919;"1919_w8";8;437;2050;12978;8;"1_8_1919";0.16
1919;"1919_w9";9;468;1117;12372;8;"2_9_1919";0.15
1919;"1919_w10";10;353;937;11202;8;"3_10_1919";0.14
1919;"1919_w11";11;266;1233;11007;8;"4_11_1919";0.13
1919;"1919_w12";12;167;534;10021;8;"5_12_1919";0.12
1919;"1919_w13";13;92;656;9478;8;"6_13_1919";0.12
1919;"1919_w14";14;77;374;7822;8;"7_14_1919";0.1
1919;"1919_w15";15;49;613;7514;8;"8_15_1919";0.09
1919;"1919_w16";16;0;121;5585;8;"9_16_1919";0.07
1919;"1919_w17";17;57;328;4796;8;"10_17_1919";0.06
1919;"1919_w18";18;35;69;3928;8;"11_18_1919";0.05
1919;"1919_w19";19;0;53;2748;8;"12_19_1919";0.03
1919;"1919_w20";20;2;95;2309;8;"13_20_1919";0.03
1919;"1919_w21";21;0;35;1688;8;"14_21_1919";0.02
1919;"1919_w22";22;11;64;1378;8;"15_22_1919";0.02
1919;"1919_w23";23;3;22;787;8;"16_23_1919";0.01
1919;"1919_w24";24;1;8;674;8;"17_24_1919";0.01
1919;"1919_w25";25;1;17;363;8;"18_25_1919";0
1919;"1919_w26";26;0;0;294;8;"19_26_1919";0
1919;"1919_w27";27;0;0;241;8;"20_27_1919";0
1919;"1919_w28";28;0;0;146;8;"21_28_1919";0
1919;"1919_w29";29;0;0;111;8;"22_29_1919";0
1919;"1919_w30";30;0;0;47;8;"23_30_1919";0
1919;"1919_w31";31;0;0;25;8;"24_31_1919";0
1919;"1919_w32";32;0;0;17;8;"25_32_1919";0
1919;"1919_w33";33;0;0;0;8;"26_33_1919";0
1919;"1919_w34";34;0;0;0;8;"27_34_1919";0
1919;"1919_w35";35;0;0;0;8;"28_35_1919";0
1919;"1919_w36";36;0;0;0;8;"29_36_1919";0
1919;"1919_w37";37;0;0;0;8;"30_37_1919";0
1919;"1919_w38";38;0;0;0;8;"31_38_1919";0
1919;"1919_w39";39;0;0;0;8;"32_39_1919";0
1919;"1919_w40";40;0;0;0;8;"33_40_1919";0
1919;"1919_w41";41;0;0;0;8;"34_41_1919";0
1918;"1918_w25";25;0;3;3;9;"17_25_1918";0
1918;"1918_w26";26;0;0;3;9;"18_26_1918";0
1918;"1918_w27";27;7;16;19;9;"19_27_1918";0
1918;"1918_w28";28;60;298;317;9;"20_28_1918";0
1918;"1918_w29";29;240;1439;1756;9;"21_29_1918";0.02
1918;"1918_w30";30;2713;7845;9601;9;"22_30_1918";0.12
1918;"1918_w31";31;1801;7046;16647;9;"23_31_1918";0.2
1918;"1918_w32";32;641;3581;20228;9;"24_32_1918";0.25
1918;"1918_w33";33;236;1509;21737;9;"25_33_1918";0.27
1918;"1918_w34";34;115;903;22637;9;"26_34_1918";0.28
1918;"1918_w35";35;100;773;23410;9;"27_35_1918";0.29
1918;"1918_w36";36;31;406;23800;9;"28_36_1918";0.29
1918;"1918_w37";37;89;380;23882;9;"29_37_1918";0.29
1918;"1918_w38";38;0;222;22665;9;"30_38_1918";0.28
1918;"1918_w39";39;222;775;15595;9;"31_39_1918";0.19
1918;"1918_w40";40;304;1624;10173;9;"32_40_1918";0.12
1918;"1918_w41";41;622;2893;9485;9;"33_41_1918";0.12
1918;"1918_w42";42;751;3192;11168;9;"34_42_1918";0.14
1918;"1918_w43";43;1600;6437;16702;9;"35_43_1918";0.2
1918;"1918_w44";44;2118;9081;25010;9;"36_44_1918";0.31
1918;"1918_w45";45;1316;8596;33200;9;"37_45_1918";0.41
1918;"1918_w46";46;1634;7294;40114;9;"38_46_1918";0.49
1918;"1918_w47";47;633;5395;45287;9;"39_47_1918";0.55
1918;"1918_w48";48;1770;8133;52645;9;"40_48_1918";0.64
1918;"1918_w49";49;1564;7631;58652;9;"41_49_1918";0.72
1918;"1918_w50";50;677;8438;64197;9;"42_50_1918";0.78
1918;"1918_w51";51;420;3886;64891;9;"43_51_1918";0.79
1918;"1918_w52";52;181;4102;62556;9;"44_52_1918";0.76
1919;"1919_w1";1;94;1723;55198;9;"45_1_1919";0.67
1919;"1919_w2";2;150;2107;48709;9;"46_2_1919";0.59
1919;"1919_w3";3;172;1428;42843;9;"47_3_1919";0.52
1919;"1919_w4";4;113;1520;38968;9;"48_4_1919";0.48
1919;"1919_w5";5;409;1199;32034;9;"49_5_1919";0.39
1919;"1919_w6";6;524;2030;26433;9;"50_6_1919";0.32
1919;"1919_w7";7;393;921;18916;9;"51_7_1919";0.23
1919;"1919_w8";8;437;2050;17080;9;"52_8_1919";0.21
1919;"1919_w9";9;468;1117;14095;9;"1_9_1919";0.17
1919;"1919_w10";10;353;937;13309;9;"2_10_1919";0.16
1919;"1919_w11";11;266;1233;12435;9;"3_11_1919";0.15
1919;"1919_w12";12;167;534;11541;9;"4_12_1919";0.14
1919;"1919_w13";13;92;656;10677;9;"5_13_1919";0.13
1919;"1919_w14";14;77;374;9852;9;"6_14_1919";0.12
1919;"1919_w15";15;49;613;8435;9;"7_15_1919";0.1
1919;"1919_w16";16;0;121;7635;9;"8_16_1919";0.09
1919;"1919_w17";17;57;328;5913;9;"9_17_1919";0.07
1919;"1919_w18";18;35;69;4865;9;"10_18_1919";0.06
1919;"1919_w19";19;0;53;3981;9;"11_19_1919";0.05
1919;"1919_w20";20;2;95;2843;9;"12_20_1919";0.03
1919;"1919_w21";21;0;35;2344;9;"13_21_1919";0.03
1919;"1919_w22";22;11;64;1752;9;"14_22_1919";0.02
1919;"1919_w23";23;3;22;1400;9;"15_23_1919";0.02
1919;"1919_w24";24;1;8;795;9;"16_24_1919";0.01
1919;"1919_w25";25;1;17;691;9;"17_25_1919";0.01
1919;"1919_w26";26;0;0;363;9;"18_26_1919";0
1919;"1919_w27";27;0;0;294;9;"19_27_1919";0
1919;"1919_w28";28;0;0;241;9;"20_28_1919";0
1919;"1919_w29";29;0;0;146;9;"21_29_1919";0
1919;"1919_w30";30;0;0;111;9;"22_30_1919";0
1919;"1919_w31";31;0;0;47;9;"23_31_1919";0
1919;"1919_w32";32;0;0;25;9;"24_32_1919";0
1919;"1919_w33";33;0;0;17;9;"25_33_1919";0
1919;"1919_w34";34;0;0;0;9;"26_34_1919";0
1919;"1919_w35";35;0;0;0;9;"27_35_1919";0
1919;"1919_w36";36;0;0;0;9;"28_36_1919";0
1919;"1919_w37";37;0;0;0;9;"29_37_1919";0
1919;"1919_w38";38;0;0;0;9;"30_38_1919";0
1919;"1919_w39";39;0;0;0;9;"31_39_1919";0
1919;"1919_w40";40;0;0;0;9;"32_40_1919";0
1919;"1919_w41";41;0;0;0;9;"33_41_1919";0
1918;"1918_w25";25;0;3;3;10;"16_25_1918";0
1918;"1918_w26";26;0;0;3;10;"17_26_1918";0
1918;"1918_w27";27;7;16;19;10;"18_27_1918";0
1918;"1918_w28";28;60;298;317;10;"19_28_1918";0
1918;"1918_w29";29;240;1439;1756;10;"20_29_1918";0.02
1918;"1918_w30";30;2713;7845;9601;10;"21_30_1918";0.12
1918;"1918_w31";31;1801;7046;16647;10;"22_31_1918";0.2
1918;"1918_w32";32;641;3581;20228;10;"23_32_1918";0.25
1918;"1918_w33";33;236;1509;21737;10;"24_33_1918";0.27
1918;"1918_w34";34;115;903;22640;10;"25_34_1918";0.28
1918;"1918_w35";35;100;773;23410;10;"26_35_1918";0.29
1918;"1918_w36";36;31;406;23816;10;"27_36_1918";0.29
1918;"1918_w37";37;89;380;24180;10;"28_37_1918";0.3
1918;"1918_w38";38;0;222;24104;10;"29_38_1918";0.29
1918;"1918_w39";39;222;775;23440;10;"30_39_1918";0.29
1918;"1918_w40";40;304;1624;17219;10;"31_40_1918";0.21
1918;"1918_w41";41;622;2893;13066;10;"32_41_1918";0.16
1918;"1918_w42";42;751;3192;12677;10;"33_42_1918";0.15
1918;"1918_w43";43;1600;6437;17605;10;"34_43_1918";0.21
1918;"1918_w44";44;2118;9081;25783;10;"35_44_1918";0.31
1918;"1918_w45";45;1316;8596;33606;10;"36_45_1918";0.41
1918;"1918_w46";46;1634;7294;40494;10;"37_46_1918";0.49
1918;"1918_w47";47;633;5395;45509;10;"38_47_1918";0.56
1918;"1918_w48";48;1770;8133;53420;10;"39_48_1918";0.65
1918;"1918_w49";49;1564;7631;60276;10;"40_49_1918";0.74
1918;"1918_w50";50;677;8438;67090;10;"41_50_1918";0.82
1918;"1918_w51";51;420;3886;68083;10;"42_51_1918";0.83
1918;"1918_w52";52;181;4102;68993;10;"43_52_1918";0.84
1919;"1919_w1";1;94;1723;64279;10;"44_1_1919";0.78
1919;"1919_w2";2;150;2107;57305;10;"45_2_1919";0.7
1919;"1919_w3";3;172;1428;50137;10;"46_3_1919";0.61
1919;"1919_w4";4;113;1520;44363;10;"47_4_1919";0.54
1919;"1919_w5";5;409;1199;40167;10;"48_5_1919";0.49
1919;"1919_w6";6;524;2030;34064;10;"49_6_1919";0.42
1919;"1919_w7";7;393;921;27354;10;"50_7_1919";0.33
1919;"1919_w8";8;437;2050;20966;10;"51_8_1919";0.26
1919;"1919_w9";9;468;1117;18197;10;"52_9_1919";0.22
1919;"1919_w10";10;353;937;15032;10;"1_10_1919";0.18
1919;"1919_w11";11;266;1233;14542;10;"2_11_1919";0.18
1919;"1919_w12";12;167;534;12969;10;"3_12_1919";0.16
1919;"1919_w13";13;92;656;12197;10;"4_13_1919";0.15
1919;"1919_w14";14;77;374;11051;10;"5_14_1919";0.13
1919;"1919_w15";15;49;613;10465;10;"6_15_1919";0.13
1919;"1919_w16";16;0;121;8556;10;"7_16_1919";0.1
1919;"1919_w17";17;57;328;7963;10;"8_17_1919";0.1
1919;"1919_w18";18;35;69;5982;10;"9_18_1919";0.07
1919;"1919_w19";19;0;53;4918;10;"10_19_1919";0.06
1919;"1919_w20";20;2;95;4076;10;"11_20_1919";0.05
1919;"1919_w21";21;0;35;2878;10;"12_21_1919";0.04
1919;"1919_w22";22;11;64;2408;10;"13_22_1919";0.03
1919;"1919_w23";23;3;22;1774;10;"14_23_1919";0.02
1919;"1919_w24";24;1;8;1408;10;"15_24_1919";0.02
1919;"1919_w25";25;1;17;812;10;"16_25_1919";0.01
1919;"1919_w26";26;0;0;691;10;"17_26_1919";0.01
1919;"1919_w27";27;0;0;363;10;"18_27_1919";0
1919;"1919_w28";28;0;0;294;10;"19_28_1919";0
1919;"1919_w29";29;0;0;241;10;"20_29_1919";0
1919;"1919_w30";30;0;0;146;10;"21_30_1919";0
1919;"1919_w31";31;0;0;111;10;"22_31_1919";0
1919;"1919_w32";32;0;0;47;10;"23_32_1919";0
1919;"1919_w33";33;0;0;25;10;"24_33_1919";0
1919;"1919_w34";34;0;0;17;10;"25_34_1919";0
1919;"1919_w35";35;0;0;0;10;"26_35_1919";0
1919;"1919_w36";36;0;0;0;10;"27_36_1919";0
1919;"1919_w37";37;0;0;0;10;"28_37_1919";0
1919;"1919_w38";38;0;0;0;10;"29_38_1919";0
1919;"1919_w39";39;0;0;0;10;"30_39_1919";0
1919;"1919_w40";40;0;0;0;10;"31_40_1919";0
1919;"1919_w41";41;0;0;0;10;"32_41_1919";0
1918;"1918_w25";25;0;3;3;11;"15_25_1918";0
1918;"1918_w26";26;0;0;3;11;"16_26_1918";0
1918;"1918_w27";27;7;16;19;11;"17_27_1918";0
1918;"1918_w28";28;60;298;317;11;"18_28_1918";0
1918;"1918_w29";29;240;1439;1756;11;"19_29_1918";0.02
1918;"1918_w30";30;2713;7845;9601;11;"20_30_1918";0.12
1918;"1918_w31";31;1801;7046;16647;11;"21_31_1918";0.2
1918;"1918_w32";32;641;3581;20228;11;"22_32_1918";0.25
1918;"1918_w33";33;236;1509;21737;11;"23_33_1918";0.27
1918;"1918_w34";34;115;903;22640;11;"24_34_1918";0.28
1918;"1918_w35";35;100;773;23413;11;"25_35_1918";0.29
1918;"1918_w36";36;31;406;23816;11;"26_36_1918";0.29
1918;"1918_w37";37;89;380;24196;11;"27_37_1918";0.3
1918;"1918_w38";38;0;222;24402;11;"28_38_1918";0.3
1918;"1918_w39";39;222;775;24879;11;"29_39_1918";0.3
1918;"1918_w40";40;304;1624;25064;11;"30_40_1918";0.31
1918;"1918_w41";41;622;2893;20112;11;"31_41_1918";0.25
1918;"1918_w42";42;751;3192;16258;11;"32_42_1918";0.2
1918;"1918_w43";43;1600;6437;19114;11;"33_43_1918";0.23
1918;"1918_w44";44;2118;9081;26686;11;"34_44_1918";0.33
1918;"1918_w45";45;1316;8596;34379;11;"35_45_1918";0.42
1918;"1918_w46";46;1634;7294;40900;11;"36_46_1918";0.5
1918;"1918_w47";47;633;5395;45889;11;"37_47_1918";0.56
1918;"1918_w48";48;1770;8133;53642;11;"38_48_1918";0.65
1918;"1918_w49";49;1564;7631;61051;11;"39_49_1918";0.74
1918;"1918_w50";50;677;8438;68714;11;"40_50_1918";0.84
1918;"1918_w51";51;420;3886;70976;11;"41_51_1918";0.87
1918;"1918_w52";52;181;4102;72185;11;"42_52_1918";0.88
1919;"1919_w1";1;94;1723;70716;11;"43_1_1919";0.86
1919;"1919_w2";2;150;2107;66386;11;"44_2_1919";0.81
1919;"1919_w3";3;172;1428;58733;11;"45_3_1919";0.72
1919;"1919_w4";4;113;1520;51657;11;"46_4_1919";0.63
1919;"1919_w5";5;409;1199;45562;11;"47_5_1919";0.56
1919;"1919_w6";6;524;2030;42197;11;"48_6_1919";0.51
1919;"1919_w7";7;393;921;34985;11;"49_7_1919";0.43
1919;"1919_w8";8;437;2050;29404;11;"50_8_1919";0.36
1919;"1919_w9";9;468;1117;22083;11;"51_9_1919";0.27
1919;"1919_w10";10;353;937;19134;11;"52_10_1919";0.23
1919;"1919_w11";11;266;1233;16265;11;"1_11_1919";0.2
1919;"1919_w12";12;167;534;15076;11;"2_12_1919";0.18
1919;"1919_w13";13;92;656;13625;11;"3_13_1919";0.17
1919;"1919_w14";14;77;374;12571;11;"4_14_1919";0.15
1919;"1919_w15";15;49;613;11664;11;"5_15_1919";0.14
1919;"1919_w16";16;0;121;10586;11;"6_16_1919";0.13
1919;"1919_w17";17;57;328;8884;11;"7_17_1919";0.11
1919;"1919_w18";18;35;69;8032;11;"8_18_1919";0.1
1919;"1919_w19";19;0;53;6035;11;"9_19_1919";0.07
1919;"1919_w20";20;2;95;5013;11;"10_20_1919";0.06
1919;"1919_w21";21;0;35;4111;11;"11_21_1919";0.05
1919;"1919_w22";22;11;64;2942;11;"12_22_1919";0.04
1919;"1919_w23";23;3;22;2430;11;"13_23_1919";0.03
1919;"1919_w24";24;1;8;1782;11;"14_24_1919";0.02
1919;"1919_w25";25;1;17;1425;11;"15_25_1919";0.02
1919;"1919_w26";26;0;0;812;11;"16_26_1919";0.01
1919;"1919_w27";27;0;0;691;11;"17_27_1919";0.01
1919;"1919_w28";28;0;0;363;11;"18_28_1919";0
1919;"1919_w29";29;0;0;294;11;"19_29_1919";0
1919;"1919_w30";30;0;0;241;11;"20_30_1919";0
1919;"1919_w31";31;0;0;146;11;"21_31_1919";0
1919;"1919_w32";32;0;0;111;11;"22_32_1919";0
1919;"1919_w33";33;0;0;47;11;"23_33_1919";0
1919;"1919_w34";34;0;0;25;11;"24_34_1919";0
1919;"1919_w35";35;0;0;17;11;"25_35_1919";0
1919;"1919_w36";36;0;0;0;11;"26_36_1919";0
1919;"1919_w37";37;0;0;0;11;"27_37_1919";0
1919;"1919_w38";38;0;0;0;11;"28_38_1919";0
1919;"1919_w39";39;0;0;0;11;"29_39_1919";0
1919;"1919_w40";40;0;0;0;11;"30_40_1919";0
1919;"1919_w41";41;0;0;0;11;"31_41_1919";0
1918;"1918_w25";25;0;3;3;12;"14_25_1918";0
1918;"1918_w26";26;0;0;3;12;"15_26_1918";0
1918;"1918_w27";27;7;16;19;12;"16_27_1918";0
1918;"1918_w28";28;60;298;317;12;"17_28_1918";0
1918;"1918_w29";29;240;1439;1756;12;"18_29_1918";0.02
1918;"1918_w30";30;2713;7845;9601;12;"19_30_1918";0.12
1918;"1918_w31";31;1801;7046;16647;12;"20_31_1918";0.2
1918;"1918_w32";32;641;3581;20228;12;"21_32_1918";0.25
1918;"1918_w33";33;236;1509;21737;12;"22_33_1918";0.27
1918;"1918_w34";34;115;903;22640;12;"23_34_1918";0.28
1918;"1918_w35";35;100;773;23413;12;"24_35_1918";0.29
1918;"1918_w36";36;31;406;23819;12;"25_36_1918";0.29
1918;"1918_w37";37;89;380;24196;12;"26_37_1918";0.3
1918;"1918_w38";38;0;222;24418;12;"27_38_1918";0.3
1918;"1918_w39";39;222;775;25177;12;"28_39_1918";0.31
1918;"1918_w40";40;304;1624;26503;12;"29_40_1918";0.32
1918;"1918_w41";41;622;2893;27957;12;"30_41_1918";0.34
1918;"1918_w42";42;751;3192;23304;12;"31_42_1918";0.28
1918;"1918_w43";43;1600;6437;22695;12;"32_43_1918";0.28
1918;"1918_w44";44;2118;9081;28195;12;"33_44_1918";0.34
1918;"1918_w45";45;1316;8596;35282;12;"34_45_1918";0.43
1918;"1918_w46";46;1634;7294;41673;12;"35_46_1918";0.51
1918;"1918_w47";47;633;5395;46295;12;"36_47_1918";0.56
1918;"1918_w48";48;1770;8133;54022;12;"37_48_1918";0.66
1918;"1918_w49";49;1564;7631;61273;12;"38_49_1918";0.75
1918;"1918_w50";50;677;8438;69489;12;"39_50_1918";0.85
1918;"1918_w51";51;420;3886;72600;12;"40_51_1918";0.89
1918;"1918_w52";52;181;4102;75078;12;"41_52_1918";0.92
1919;"1919_w1";1;94;1723;73908;12;"42_1_1919";0.9
1919;"1919_w2";2;150;2107;72823;12;"43_2_1919";0.89
1919;"1919_w3";3;172;1428;67814;12;"44_3_1919";0.83
1919;"1919_w4";4;113;1520;60253;12;"45_4_1919";0.74
1919;"1919_w5";5;409;1199;52856;12;"46_5_1919";0.64
1919;"1919_w6";6;524;2030;47592;12;"47_6_1919";0.58
1919;"1919_w7";7;393;921;43118;12;"48_7_1919";0.53
1919;"1919_w8";8;437;2050;37035;12;"49_8_1919";0.45
1919;"1919_w9";9;468;1117;30521;12;"50_9_1919";0.37
1919;"1919_w10";10;353;937;23020;12;"51_10_1919";0.28
1919;"1919_w11";11;266;1233;20367;12;"52_10_1919";0.25
1919;"1919_w12";12;167;534;16799;12;"1_12_1919";0.2
1919;"1919_w13";13;92;656;15732;12;"2_13_1919";0.19
1919;"1919_w14";14;77;374;13999;12;"3_14_1919";0.17
1919;"1919_w15";15;49;613;13184;12;"4_15_1919";0.16
1919;"1919_w16";16;0;121;11785;12;"5_16_1919";0.14
1919;"1919_w17";17;57;328;10914;12;"6_17_1919";0.13
1919;"1919_w18";18;35;69;8953;12;"7_18_1919";0.11
1919;"1919_w19";19;0;53;8085;12;"8_19_1919";0.1
1919;"1919_w20";20;2;95;6130;12;"9_20_1919";0.07
1919;"1919_w21";21;0;35;5048;12;"10_21_1919";0.06
1919;"1919_w22";22;11;64;4175;12;"11_22_1919";0.05
1919;"1919_w23";23;3;22;2964;12;"12_23_1919";0.04
1919;"1919_w24";24;1;8;2438;12;"13_24_1919";0.03
1919;"1919_w25";25;1;17;1799;12;"14_25_1919";0.02
1919;"1919_w26";26;0;0;1425;12;"15_26_1919";0.02
1919;"1919_w27";27;0;0;812;12;"16_27_1919";0.01
1919;"1919_w28";28;0;0;691;12;"17_28_1919";0.01
1919;"1919_w29";29;0;0;363;12;"18_29_1919";0
1919;"1919_w30";30;0;0;294;12;"19_30_1919";0
1919;"1919_w31";31;0;0;241;12;"20_31_1919";0
1919;"1919_w32";32;0;0;146;12;"21_32_1919";0
1919;"1919_w33";33;0;0;111;12;"22_33_1919";0
1919;"1919_w34";34;0;0;47;12;"23_34_1919";0
1919;"1919_w35";35;0;0;25;12;"24_35_1919";0
1919;"1919_w36";36;0;0;17;12;"25_36_1919";0
1919;"1919_w37";37;0;0;0;12;"26_37_1919";0
1919;"1919_w38";38;0;0;0;12;"27_38_1919";0
1919;"1919_w39";39;0;0;0;12;"28_39_1919";0
1919;"1919_w40";40;0;0;0;12;"29_40_1919";0
1919;"1919_w41";41;0;0;0;12;"30_41_1919";0
1918;"1918_w25";25;0;3;3;13;"13_25_1918";0
1918;"1918_w26";26;0;0;3;13;"14_26_1918";0
1918;"1918_w27";27;7;16;19;13;"15_27_1918";0
1918;"1918_w28";28;60;298;317;13;"16_28_1918";0
1918;"1918_w29";29;240;1439;1756;13;"17_29_1918";0.02
1918;"1918_w30";30;2713;7845;9601;13;"18_30_1918";0.12
1918;"1918_w31";31;1801;7046;16647;13;"19_31_1918";0.2
1918;"1918_w32";32;641;3581;20228;13;"20_32_1918";0.25
1918;"1918_w33";33;236;1509;21737;13;"21_33_1918";0.27
1918;"1918_w34";34;115;903;22640;13;"22_34_1918";0.28
1918;"1918_w35";35;100;773;23413;13;"23_35_1918";0.29
1918;"1918_w36";36;31;406;23819;13;"24_36_1918";0.29
1918;"1918_w37";37;89;380;24199;13;"25_37_1918";0.3
1918;"1918_w38";38;0;222;24418;13;"26_38_1918";0.3
1918;"1918_w39";39;222;775;25193;13;"27_39_1918";0.31
1918;"1918_w40";40;304;1624;26801;13;"28_40_1918";0.33
1918;"1918_w41";41;622;2893;29396;13;"29_41_1918";0.36
1918;"1918_w42";42;751;3192;31149;13;"30_42_1918";0.38
1918;"1918_w43";43;1600;6437;29741;13;"31_43_1918";0.36
1918;"1918_w44";44;2118;9081;31776;13;"32_44_1918";0.39
1918;"1918_w45";45;1316;8596;36791;13;"33_45_1918";0.45
1918;"1918_w46";46;1634;7294;42576;13;"34_46_1918";0.52
1918;"1918_w47";47;633;5395;47068;13;"35_47_1918";0.57
1918;"1918_w48";48;1770;8133;54428;13;"36_48_1918";0.66
1918;"1918_w49";49;1564;7631;61653;13;"37_49_1918";0.75
1918;"1918_w50";50;677;8438;69711;13;"38_50_1918";0.85
1918;"1918_w51";51;420;3886;73375;13;"39_51_1918";0.9
1918;"1918_w52";52;181;4102;76702;13;"40_52_1918";0.94
1919;"1919_w1";1;94;1723;76801;13;"41_1_1919";0.94
1919;"1919_w2";2;150;2107;76015;13;"42_2_1919";0.93
1919;"1919_w3";3;172;1428;74251;13;"43_3_1919";0.91
1919;"1919_w4";4;113;1520;69334;13;"44_4_1919";0.85
1919;"1919_w5";5;409;1199;61452;13;"45_5_1919";0.75
1919;"1919_w6";6;524;2030;54886;13;"46_6_1919";0.67
1919;"1919_w7";7;393;921;48513;13;"47_7_1919";0.59
1919;"1919_w8";8;437;2050;45168;13;"48_8_1919";0.55
1919;"1919_w9";9;468;1117;38152;13;"49_9_1919";0.47
1919;"1919_w10";10;353;937;31458;13;"50_10_1919";0.38
1919;"1919_w11";11;266;1233;24253;13;"51_11_1919";0.3
1919;"1919_w12";12;167;534;20901;13;"52_12_1919";0.26
1919;"1919_w13";13;92;656;17455;13;"1_13_1919";0.21
1919;"1919_w14";14;77;374;16106;13;"2_14_1919";0.2
1919;"1919_w15";15;49;613;14612;13;"3_15_1919";0.18
1919;"1919_w16";16;0;121;13305;13;"4_16_1919";0.16
1919;"1919_w17";17;57;328;12113;13;"5_17_1919";0.15
1919;"1919_w18";18;35;69;10983;13;"6_18_1919";0.13
1919;"1919_w19";19;0;53;9006;13;"7_19_1919";0.11
1919;"1919_w20";20;2;95;8180;13;"8_20_1919";0.1
1919;"1919_w21";21;0;35;6165;13;"9_21_1919";0.08
1919;"1919_w22";22;11;64;5112;13;"10_22_1919";0.06
1919;"1919_w23";23;3;22;4197;13;"11_23_1919";0.05
1919;"1919_w24";24;1;8;2972;13;"12_24_1919";0.04
1919;"1919_w25";25;1;17;2455;13;"13_25_1919";0.03
1919;"1919_w26";26;0;0;1799;13;"14_26_1919";0.02
1919;"1919_w27";27;0;0;1425;13;"15_27_1919";0.02
1919;"1919_w28";28;0;0;812;13;"16_28_1919";0.01
1919;"1919_w29";29;0;0;691;13;"17_29_1919";0.01
1919;"1919_w30";30;0;0;363;13;"18_30_1919";0
1919;"1919_w31";31;0;0;294;13;"19_31_1919";0
1919;"1919_w32";32;0;0;241;13;"20_32_1919";0
1919;"1919_w33";33;0;0;146;13;"21_33_1919";0
1919;"1919_w34";34;0;0;111;13;"22_34_1919";0
1919;"1919_w35";35;0;0;47;13;"23_35_1919";0
1919;"1919_w36";36;0;0;25;13;"24_36_1919";0
1919;"1919_w37";37;0;0;17;13;"25_37_1919";0
1919;"1919_w38";38;0;0;0;13;"26_38_1919";0
1919;"1919_w39";39;0;0;0;13;"27_39_1919";0
1919;"1919_w40";40;0;0;0;13;"28_40_1919";0
1919;"1919_w41";41;0;0;0;13;"29_41_1919";0
1918;"1918_w25";25;0;3;3;14;"12_25_1918";0
1918;"1918_w26";26;0;0;3;14;"13_26_1918";0
1918;"1918_w27";27;7;16;19;14;"14_27_1918";0
1918;"1918_w28";28;60;298;317;14;"15_28_1918";0
1918;"1918_w29";29;240;1439;1756;14;"16_29_1918";0.02
1918;"1918_w30";30;2713;7845;9601;14;"17_30_1918";0.12
1918;"1918_w31";31;1801;7046;16647;14;"18_31_1918";0.2
1918;"1918_w32";32;641;3581;20228;14;"19_32_1918";0.25
1918;"1918_w33";33;236;1509;21737;14;"20_33_1918";0.27
1918;"1918_w34";34;115;903;22640;14;"21_34_1918";0.28
1918;"1918_w35";35;100;773;23413;14;"22_35_1918";0.29
1918;"1918_w36";36;31;406;23819;14;"23_36_1918";0.29
1918;"1918_w37";37;89;380;24199;14;"24_37_1918";0.3
1918;"1918_w38";38;0;222;24421;14;"25_38_1918";0.3
1918;"1918_w39";39;222;775;25193;14;"26_39_1918";0.31
1918;"1918_w40";40;304;1624;26817;14;"27_40_1918";0.33
1918;"1918_w41";41;622;2893;29694;14;"28_41_1918";0.36
1918;"1918_w42";42;751;3192;32588;14;"29_42_1918";0.4
1918;"1918_w43";43;1600;6437;37586;14;"30_43_1918";0.46
1918;"1918_w44";44;2118;9081;38822;14;"31_44_1918";0.47
1918;"1918_w45";45;1316;8596;40372;14;"32_45_1918";0.49
1918;"1918_w46";46;1634;7294;44085;14;"33_46_1918";0.54
1918;"1918_w47";47;633;5395;47971;14;"34_47_1918";0.59
1918;"1918_w48";48;1770;8133;55201;14;"35_48_1918";0.67
1918;"1918_w49";49;1564;7631;62059;14;"36_49_1918";0.76
1918;"1918_w50";50;677;8438;70091;14;"37_50_1918";0.86
1918;"1918_w51";51;420;3886;73597;14;"38_51_1918";0.9
1918;"1918_w52";52;181;4102;77477;14;"39_52_1918";0.95
1919;"1919_w1";1;94;1723;78425;14;"40_1_1919";0.96
1919;"1919_w2";2;150;2107;78908;14;"41_2_1919";0.96
1919;"1919_w3";3;172;1428;77443;14;"42_3_1919";0.94
1919;"1919_w4";4;113;1520;75771;14;"43_4_1919";0.92
1919;"1919_w5";5;409;1199;70533;14;"44_5_1919";0.86
1919;"1919_w6";6;524;2030;63482;14;"45_6_1919";0.77
1919;"1919_w7";7;393;921;55807;14;"46_7_1919";0.68
1919;"1919_w8";8;437;2050;50563;14;"47_8_1919";0.62
1919;"1919_w9";9;468;1117;46285;14;"48_9_1919";0.56
1919;"1919_w10";10;353;937;39089;14;"49_10_1919";0.48
1919;"1919_w11";11;266;1233;32691;14;"50_11_1919";0.4
1919;"1919_w12";12;167;534;24787;14;"51_12_1919";0.3
1919;"1919_w13";13;92;656;21557;14;"52_13_1919";0.26
1919;"1919_w14";14;77;374;17829;14;"1_14_1919";0.22
1919;"1919_w15";15;49;613;16719;14;"2_15_1919";0.2
1919;"1919_w16";16;0;121;14733;14;"3_16_1919";0.18
1919;"1919_w17";17;57;328;13633;14;"4_17_1919";0.17
1919;"1919_w18";18;35;69;12182;14;"5_18_1919";0.15
1919;"1919_w19";19;0;53;11036;14;"6_19_1919";0.13
1919;"1919_w20";20;2;95;9101;14;"7_20_1919";0.11
1919;"1919_w21";21;0;35;8215;14;"8_21_1919";0.1
1919;"1919_w22";22;11;64;6229;14;"9_22_1919";0.08
1919;"1919_w23";23;3;22;5134;14;"10_23_1919";0.06
1919;"1919_w24";24;1;8;4205;14;"11_24_1919";0.05
1919;"1919_w25";25;1;17;2989;14;"12_25_1919";0.04
1919;"1919_w26";26;0;0;2455;14;"13_26_1919";0.03
1919;"1919_w27";27;0;0;1799;14;"14_27_1919";0.02
1919;"1919_w28";28;0;0;1425;14;"15_28_1919";0.02
1919;"1919_w29";29;0;0;812;14;"16_29_1919";0.01
1919;"1919_w30";30;0;0;691;14;"17_30_1919";0.01
1919;"1919_w31";31;0;0;363;14;"18_31_1919";0
1919;"1919_w32";32;0;0;294;14;"19_32_1919";0
1919;"1919_w33";33;0;0;241;14;"20_33_1919";0
1919;"1919_w34";34;0;0;146;14;"21_34_1919";0
1919;"1919_w35";35;0;0;111;14;"22_35_1919";0
1919;"1919_w36";36;0;0;47;14;"23_36_1919";0
1919;"1919_w37";37;0;0;25;14;"24_37_1919";0
1919;"1919_w38";38;0;0;17;14;"25_38_1919";0
1919;"1919_w39";39;0;0;0;14;"26_39_1919";0
1919;"1919_w40";40;0;0;0;14;"27_40_1919";0
1919;"1919_w41";41;0;0;0;14;"28_41_1919";0
1918;"1918_w25";25;0;3;3;15;"11_25_1918";0
1918;"1918_w26";26;0;0;3;15;"12_26_1918";0
1918;"1918_w27";27;7;16;19;15;"13_27_1918";0
1918;"1918_w28";28;60;298;317;15;"14_28_1918";0
1918;"1918_w29";29;240;1439;1756;15;"15_29_1918";0.02
1918;"1918_w30";30;2713;7845;9601;15;"16_30_1918";0.12
1918;"1918_w31";31;1801;7046;16647;15;"17_31_1918";0.2
1918;"1918_w32";32;641;3581;20228;15;"18_32_1918";0.25
1918;"1918_w33";33;236;1509;21737;15;"19_33_1918";0.27
1918;"1918_w34";34;115;903;22640;15;"20_34_1918";0.28
1918;"1918_w35";35;100;773;23413;15;"21_35_1918";0.29
1918;"1918_w36";36;31;406;23819;15;"22_36_1918";0.29
1918;"1918_w37";37;89;380;24199;15;"23_37_1918";0.3
1918;"1918_w38";38;0;222;24421;15;"24_38_1918";0.3
1918;"1918_w39";39;222;775;25196;15;"25_39_1918";0.31
1918;"1918_w40";40;304;1624;26817;15;"26_40_1918";0.33
1918;"1918_w41";41;622;2893;29710;15;"27_41_1918";0.36
1918;"1918_w42";42;751;3192;32886;15;"28_42_1918";0.4
1918;"1918_w43";43;1600;6437;39025;15;"29_43_1918";0.48
1918;"1918_w44";44;2118;9081;46667;15;"30_44_1918";0.57
1918;"1918_w45";45;1316;8596;47418;15;"31_45_1918";0.58
1918;"1918_w46";46;1634;7294;47666;15;"32_46_1918";0.58
1918;"1918_w47";47;633;5395;49480;15;"33_47_1918";0.6
1918;"1918_w48";48;1770;8133;56104;15;"34_48_1918";0.68
1918;"1918_w49";49;1564;7631;62832;15;"35_49_1918";0.77
1918;"1918_w50";50;677;8438;70497;15;"36_50_1918";0.86
1918;"1918_w51";51;420;3886;73977;15;"37_51_1918";0.9
1918;"1918_w52";52;181;4102;77699;15;"38_52_1918";0.95
1919;"1919_w1";1;94;1723;79200;15;"39_1_1919";0.97
1919;"1919_w2";2;150;2107;80532;15;"40_2_1919";0.98
1919;"1919_w3";3;172;1428;80336;15;"41_3_1919";0.98
1919;"1919_w4";4;113;1520;78963;15;"42_4_1919";0.96
1919;"1919_w5";5;409;1199;76970;15;"43_5_1919";0.94
1919;"1919_w6";6;524;2030;72563;15;"44_6_1919";0.89
1919;"1919_w7";7;393;921;64403;15;"45_7_1919";0.79
1919;"1919_w8";8;437;2050;57857;15;"46_8_1919";0.71
1919;"1919_w9";9;468;1117;51680;15;"47_9_1919";0.63
1919;"1919_w10";10;353;937;47222;15;"48_10_1919";0.58
1919;"1919_w11";11;266;1233;40322;15;"49_11_1919";0.49
1919;"1919_w12";12;167;534;33225;15;"50_12_1919";0.41
1919;"1919_w13";13;92;656;25443;15;"51_13_1919";0.31
1919;"1919_w14";14;77;374;21931;15;"52_14_1919";0.27
1919;"1919_w15";15;49;613;18442;15;"1_15_1919";0.23
1919;"1919_w16";16;0;121;16840;15;"2_16_1919";0.21
1919;"1919_w17";17;57;328;15061;15;"3_17_1919";0.18
1919;"1919_w18";18;35;69;13702;15;"4_18_1919";0.17
1919;"1919_w19";19;0;53;12235;15;"5_19_1919";0.15
1919;"1919_w20";20;2;95;11131;15;"6_20_1919";0.14
1919;"1919_w21";21;0;35;9136;15;"7_21_1919";0.11
1919;"1919_w22";22;11;64;8279;15;"8_22_1919";0.1
1919;"1919_w23";23;3;22;6251;15;"9_23_1919";0.08
1919;"1919_w24";24;1;8;5142;15;"10_24_1919";0.06
1919;"1919_w25";25;1;17;4222;15;"11_25_1919";0.05
1919;"1919_w26";26;0;0;2989;15;"12_26_1919";0.04
1919;"1919_w27";27;0;0;2455;15;"13_27_1919";0.03
1919;"1919_w28";28;0;0;1799;15;"14_28_1919";0.02
1919;"1919_w29";29;0;0;1425;15;"15_29_1919";0.02
1919;"1919_w30";30;0;0;812;15;"16_30_1919";0.01
1919;"1919_w31";31;0;0;691;15;"17_31_1919";0.01
1919;"1919_w32";32;0;0;363;15;"18_32_1919";0
1919;"1919_w33";33;0;0;294;15;"19_33_1919";0
1919;"1919_w34";34;0;0;241;15;"20_34_1919";0
1919;"1919_w35";35;0;0;146;15;"21_35_1919";0
1919;"1919_w36";36;0;0;111;15;"22_36_1919";0
1919;"1919_w37";37;0;0;47;15;"23_37_1919";0
1919;"1919_w38";38;0;0;25;15;"24_38_1919";0
1919;"1919_w39";39;0;0;17;15;"25_39_1919";0
1919;"1919_w40";40;0;0;0;15;"26_40_1919";0
1919;"1919_w41";41;0;0;0;15;"27_41_1919";0
1918;"1918_w25";25;0;3;3;16;"10_25_1918";0
1918;"1918_w26";26;0;0;3;16;"11_26_1918";0
1918;"1918_w27";27;7;16;19;16;"12_27_1918";0
1918;"1918_w28";28;60;298;317;16;"13_28_1918";0
1918;"1918_w29";29;240;1439;1756;16;"14_29_1918";0.02
1918;"1918_w30";30;2713;7845;9601;16;"15_30_1918";0.12
1918;"1918_w31";31;1801;7046;16647;16;"16_31_1918";0.2
1918;"1918_w32";32;641;3581;20228;16;"17_32_1918";0.25
1918;"1918_w33";33;236;1509;21737;16;"18_33_1918";0.27
1918;"1918_w34";34;115;903;22640;16;"19_34_1918";0.28
1918;"1918_w35";35;100;773;23413;16;"20_35_1918";0.29
1918;"1918_w36";36;31;406;23819;16;"21_36_1918";0.29
1918;"1918_w37";37;89;380;24199;16;"22_37_1918";0.3
1918;"1918_w38";38;0;222;24421;16;"23_38_1918";0.3
1918;"1918_w39";39;222;775;25196;16;"24_39_1918";0.31
1918;"1918_w40";40;304;1624;26820;16;"25_40_1918";0.33
1918;"1918_w41";41;622;2893;29710;16;"26_41_1918";0.36
1918;"1918_w42";42;751;3192;32902;16;"27_42_1918";0.4
1918;"1918_w43";43;1600;6437;39323;16;"28_43_1918";0.48
1918;"1918_w44";44;2118;9081;48106;16;"29_44_1918";0.59
1918;"1918_w45";45;1316;8596;55263;16;"30_45_1918";0.67
1918;"1918_w46";46;1634;7294;54712;16;"31_46_1918";0.67
1918;"1918_w47";47;633;5395;53061;16;"32_47_1918";0.65
1918;"1918_w48";48;1770;8133;57613;16;"33_48_1918";0.7
1918;"1918_w49";49;1564;7631;63735;16;"34_49_1918";0.78
1918;"1918_w50";50;677;8438;71270;16;"35_50_1918";0.87
1918;"1918_w51";51;420;3886;74383;16;"36_51_1918";0.91
1918;"1918_w52";52;181;4102;78079;16;"37_52_1918";0.95
1919;"1919_w1";1;94;1723;79422;16;"38_1_1919";0.97
1919;"1919_w2";2;150;2107;81307;16;"39_2_1919";0.99
1919;"1919_w3";3;172;1428;81960;16;"40_3_1919";1
1919;"1919_w4";4;113;1520;81856;16;"41_4_1919";1
1919;"1919_w5";5;409;1199;80162;16;"42_5_1919";0.98
1919;"1919_w6";6;524;2030;79000;16;"43_6_1919";0.96
1919;"1919_w7";7;393;921;73484;16;"44_7_1919";0.9
1919;"1919_w8";8;437;2050;66453;16;"45_8_1919";0.81
1919;"1919_w9";9;468;1117;58974;16;"46_9_1919";0.72
1919;"1919_w10";10;353;937;52617;16;"47_10_1919";0.64
1919;"1919_w11";11;266;1233;48455;16;"48_11_1919";0.59
1919;"1919_w12";12;167;534;40856;16;"49_12_1919";0.5
1919;"1919_w13";13;92;656;33881;16;"50_13_1919";0.41
1919;"1919_w14";14;77;374;25817;16;"51_14_1919";0.31
1919;"1919_w15";15;49;613;22544;16;"52_15_1919";0.28
1919;"1919_w16";16;0;121;18563;16;"1_16_1919";0.23
1919;"1919_w17";17;57;328;17168;16;"2_17_1919";0.21
1919;"1919_w18";18;35;69;15130;16;"3_18_1919";0.18
1919;"1919_w19";19;0;53;13755;16;"4_19_1919";0.17
1919;"1919_w20";20;2;95;12330;16;"5_20_1919";0.15
1919;"1919_w21";21;0;35;11166;16;"6_21_1919";0.14
1919;"1919_w22";22;11;64;9200;16;"7_22_1919";0.11
1919;"1919_w23";23;3;22;8301;16;"8_23_1919";0.1
1919;"1919_w24";24;1;8;6259;16;"9_24_1919";0.08
1919;"1919_w25";25;1;17;5159;16;"10_25_1919";0.06
1919;"1919_w26";26;0;0;4222;16;"11_26_1919";0.05
1919;"1919_w27";27;0;0;2989;16;"12_27_1919";0.04
1919;"1919_w28";28;0;0;2455;16;"13_28_1919";0.03
1919;"1919_w29";29;0;0;1799;16;"14_29_1919";0.02
1919;"1919_w30";30;0;0;1425;16;"15_30_1919";0.02
1919;"1919_w31";31;0;0;812;16;"16_31_1919";0.01
1919;"1919_w32";32;0;0;691;16;"17_32_1919";0.01
1919;"1919_w33";33;0;0;363;16;"18_33_1919";0
1919;"1919_w34";34;0;0;294;16;"19_34_1919";0
1919;"1919_w35";35;0;0;241;16;"20_35_1919";0
1919;"1919_w36";36;0;0;146;16;"21_36_1919";0
1919;"1919_w37";37;0;0;111;16;"22_37_1919";0
1919;"1919_w38";38;0;0;47;16;"23_38_1919";0
1919;"1919_w39";39;0;0;25;16;"24_39_1919";0
1919;"1919_w40";40;0;0;17;16;"25_40_1919";0
1919;"1919_w41";41;0;0;0;16;"26_41_1919";0
